profiling processes (9): [psutil.Process(pid=99156, name='node', status='running', started='17:20:37'), psutil.Process(pid=99157, name='node', status='running', started='17:20:37'), psutil.Process(pid=99158, name='node', status='running', started='17:20:37'), psutil.Process(pid=99159, name='node', status='running', started='17:20:37'), psutil.Process(pid=99160, name='node', status='running', started='17:20:37'), psutil.Process(pid=99161, name='node', status='running', started='17:20:37'), psutil.Process(pid=99162, name='node', status='running', started='17:20:37'), psutil.Process(pid=99163, name='node', status='running', started='17:20:37'), psutil.Process(pid=99153, name='node', status='running', started='17:20:37')]
ELAPSED_MS,CPU_SECS,MEM_BYTES
997,5.137375127999999,524046336
1998,9.853460040000003,596410368
2997,14.289456328000004,631189504
3995,18.648326568,679899136
4997,22.701585880000003,738615296
5998,26.520244631999997,761077760
6998,30.06094172,762306560
7996,33.39846188,769232896
8995,36.82189756,771702784
9995,40.133357335999996,775315456
10994,43.413257655999985,778887168
11993,46.498181048,782491648
12993,49.799537912,784392192
13993,52.969526839999986,784404480
14993,56.078742136,784728064
15993,59.08506239200001,789098496
16993,62.132926776,790016000
17993,65.50366271200001,789196800
18994,68.476400504,789463040
19993,71.57372837600002,793116672
20993,74.643909752,793403392
21993,77.55873228000002,793796608
22993,80.50880626400001,794673152
23993,83.43031896800001,795230208
24994,86.38182604000002,796684288
25995,89.25644095199999,796549120
26993,92.171213944,797401088
27994,95.1603406,797630464
28993,98.19855103200001,798801920
29993,98.475474168,798879744
30993,101.640816888,799318016
31996,104.509341432,799367168
32996,107.27563148000003,799612928
33997,110.22848946400002,800698368
34998,113.42329535200001,801169408
35999,116.29644632800002,801288192
36998,119.166434424,801611776
37997,122.05513240799999,801882112
38998,124.981344248,802263040
39996,128.01386584799997,802471936
40994,130.941377528,802639872
41994,133.80423474399998,803041280
42995,136.65324095199998,803061760
43995,139.59561778399998,803213312
44995,142.608605816,803766272
45996,145.39883122400002,803946496
46995,148.210643832,804126720
47996,151.12963263199998,804421632
48996,153.862265592,804446208
49994,156.66570904799997,804495360
50993,159.55853490400003,805052416
51994,162.47759128799999,805269504
52994,165.25878655199998,805580800
53993,168.10126053599998,806277120
54993,170.949974776,806359040
55995,173.75360383199998,806338560
56996,176.65570994399997,806395904
57996,179.440214776,806526976
58996,182.23842687200002,806756352
59996,184.945185272,806936576
